[
   {
      "pk": 3, 
      "model": "core.speaker", 
      "fields": {
         "related_speaker": null, 
         "photo": "./svetlov.jpg", 
         "site": "http://rainboo.com/", 
         "blog": "", 
         "twitter_name": "", 
         "email": "andrew.svetlov@gmail.com", 
         "user": 4
      }
   }, 
   {
      "pk": 5, 
      "model": "core.speaker", 
      "fields": {
         "related_speaker": null, 
         "photo": "./proft.jpg", 
         "site": "", 
         "blog": "http://www.proft.com.ua/", 
         "twitter_name": "<a href=\"http://twitter.com/proft\">@proft</a>", 
         "email": "proftua@gmail.com", 
         "user": 8
      }
   }, 
   {
      "pk": 2, 
      "model": "core.speaker", 
      "fields": {
         "related_speaker": null, 
         "photo": "./Sergey-Kirillov.jpg", 
         "site": "http://rainboo.com/", 
         "blog": "http://shopium.ua/", 
         "twitter_name": "<a href=\"http://twitter.com/rushman\">@rushman</a>", 
         "email": "serg@rainboo.com", 
         "user": 5
      }
   }, 
   {
      "pk": 1, 
      "model": "core.speaker", 
      "fields": {
         "related_speaker": null, 
         "photo": "./farcaller_darkproger.jpg", 
         "site": "http://byteflow.hackndev.org/blog/", 
         "blog": "http://hackndev.org/", 
         "twitter_name": "<a href=\"http://twitter.com/farcaller\">@farcaller</a>,  <a href=\"http://twitter.com/darkproger\">@darkproger</a>", 
         "email": "farcaller@gmail.com", 
         "user": 6
      }
   }, 
   {
      "pk": 6, 
      "model": "core.speaker", 
      "fields": {
         "related_speaker": null, 
         "photo": "./shigin.jpg", 
         "site": "http://rambler.ru/", 
         "blog": "http://friendfeed.com/shigin", 
         "twitter_name": "", 
         "email": "shigin@rambler-co.ru", 
         "user": 9
      }
   }, 
   {
      "pk": 4, 
      "model": "core.speaker", 
      "fields": {
         "related_speaker": null, 
         "photo": "./mishok13.jpg", 
         "site": "http://mishkovskyi.net/", 
         "blog": "", 
         "twitter_name": "<a href=\"http://twitter.com/mishok13\">@mishok13</a>", 
         "email": "mishok13@gmail.com", 
         "user": 7
      }
   }, 
   {
      "pk": 1, 
      "model": "core.speakerfield", 
      "fields": {
         "lang": 2, 
         "speaker": 1, 
         "value": "\u041c\u044b \u043f\u0440\u0435\u0434\u0441\u0442\u0430\u0432\u043b\u044f\u0435\u043c \u0441\u043e\u043e\u0431\u0449\u0435\u0441\u0442\u0432\u043e \u043f\u0440\u043e\u0433\u0440\u0430\u043c\u043c\u0438\u0441\u0442\u043e\u0432 Hack&Dev Team. \u0412 \u0440\u0430\u0431\u043e\u0442\u0435 \u0438\r\n\u043f\u043e\u0432\u0441\u0435\u0434\u043d\u0435\u0432\u043d\u043e\u0439 \u0436\u0438\u0437\u043d\u0438 \u043c\u044b \u0438\u0441\u043f\u043e\u043b\u044c\u0437\u0443\u0435\u043c Python \u043f\u043e\u0441\u0442\u043e\u044f\u043d\u043d\u043e, \u0434\u043b\u044f \u0437\u0430\u0434\u0430\u0447 \u043e\u0447\u0435\u043d\u044c\r\n\u0440\u0430\u0437\u043d\u044b\u0445 \u043c\u0430\u0441\u0448\u0442\u0430\u0431\u043e\u0432: \u043f\u043e\u0431\u0438\u0442\u043e\u0432\u044b\u0435 \u043b\u0438\u043d\u0435\u0439\u043a\u0438, \u043e\u0431\u0440\u0430\u0431\u043e\u0442\u043a\u0430 \u0440\u0430\u0437\u043b\u0438\u0447\u043d\u044b\u0445 \u043c\u0430\u0441\u0441\u0438\u0432\u043e\u0432\r\n\u0434\u0430\u043d\u043d\u044b\u0445, desktop-\u043f\u0440\u0438\u043b\u043e\u0436\u0435\u043d\u0438\u044f \u0438 \u043f\u0440\u043e\u0442\u043e\u0442\u0438\u043f\u0438\u0440\u043e\u0432\u0430\u043d\u0438\u0435 UI (IPython, PyQt4,\r\nPyObjC, PyGTK+), \u0443\u0442\u0438\u043b\u0438\u0442\u044b \u0441\u0438\u0441\u0442\u0435\u043c\u043d\u043e\u0433\u043e \u0430\u0434\u043c\u0438\u043d\u0438\u0441\u0442\u0440\u0438\u0440\u043e\u0432\u0430\u043d\u0438\u044f, \u0432\u0435\u0431-\u043f\u0440\u0438\u043b\u043e\u0436\u0435\u043d\u0438\u044f\r\n(Django, Pyjamas).", 
         "property_name": 5
      }
   }, 
   {
      "pk": 2, 
      "model": "core.speakerfield", 
      "fields": {
         "lang": 2, 
         "speaker": 1, 
         "value": "\u0412\u043b\u0430\u0434\u0438\u043c\u0438\u0440 \u041f\u0443\u0437\u0430\u043d\u043e\u0432, \u0412\u043b\u0430\u0434\u0438\u043c\u0438\u0440 \u041a\u0438\u0440\u0438\u043b\u043b\u043e\u0432", 
         "property_name": 1
      }
   }, 
   {
      "pk": 4, 
      "model": "core.speakerfield", 
      "fields": {
         "lang": 2, 
         "speaker": 1, 
         "value": "Hack&Dev Team", 
         "property_name": 3
      }
   }, 
   {
      "pk": 5, 
      "model": "core.speakerfield", 
      "fields": {
         "lang": 2, 
         "speaker": 2, 
         "value": "\u0421\u0435\u0440\u0433\u0435\u0439 \u041a\u0438\u0440\u0438\u043b\u043b\u043e\u0432", 
         "property_name": 1
      }
   }, 
   {
      "pk": 7, 
      "model": "core.speakerfield", 
      "fields": {
         "lang": 2, 
         "speaker": 2, 
         "value": "Rainboo", 
         "property_name": 3
      }
   }, 
   {
      "pk": 8, 
      "model": "core.speakerfield", 
      "fields": {
         "lang": 2, 
         "speaker": 2, 
         "value": "\u041f\u0438\u0442\u043e\u043d\u0438\u0440\u0443\u044e \u0441 2002 \u0433\u043e\u0434\u0430, \u0432 \u043e\u0441\u043d\u043e\u0432\u043d\u043e\u043c \u0443\u0441\u043f\u0435\u0448\u043d\u043e", 
         "property_name": 5
      }
   }, 
   {
      "pk": 9, 
      "model": "core.speakerfield", 
      "fields": {
         "lang": 2, 
         "speaker": 3, 
         "value": "\u0410\u043d\u0434\u0440\u0435\u0439 \u0421\u0432\u0435\u0442\u043b\u043e\u0432", 
         "property_name": 1
      }
   }, 
   {
      "pk": 11, 
      "model": "core.speakerfield", 
      "fields": {
         "lang": 2, 
         "speaker": 3, 
         "value": "Rainboo", 
         "property_name": 3
      }
   }, 
   {
      "pk": 12, 
      "model": "core.speakerfield", 
      "fields": {
         "lang": 2, 
         "speaker": 3, 
         "value": "\u041d\u0430\u0447\u0430\u043b \u0438\u0437\u0443\u0447\u0430\u0442\u044c \u044f\u0437\u044b\u043a \u0432 1999. \u0412 2003 - \u043f\u0435\u0440\u0432\u044b\u0439 full-time \u043f\u0440\u043e\u0435\u043a\u0442 \u043d\u0430 \u043d\u0435\u043c.\r\n\u041f\u0440\u0438\u043c\u0435\u043d\u0438\u0442\u0435\u043b\u044c\u043d\u043e \u043a \u041f\u0438\u0442\u043e\u043d\u0443:\r\n\u0414\u0435\u043b\u0430\u043b \u0440\u0430\u0437\u043d\u043e\u0435 - \u0433\u0435\u0439\u043c\u0434\u0435\u0432, \u0441\u0435\u0442\u0435\u0432\u044b\u0435 \u043a\u043e\u043c\u043c\u0443\u043d\u0438\u043a\u0430\u0446\u0438\u0438, \u0444\u0438\u043d\u0430\u043d\u0441\u043e\u0432\u044b\u0439 \u0441\u043e\u0444\u0442, \u0441\u0430\u0439\u0442\u044b.\r\n\u041f\u0438\u0442\u043e\u043d \u043a\u0430\u043a \u043e\u0441\u043d\u043e\u0432\u043d\u043e\u0439 \u044f\u0437\u044b\u043a \u0440\u0430\u0437\u0440\u0430\u0431\u043e\u0442\u043a\u0438 \u0441\u043e \u0432\u0441\u0442\u0430\u0432\u043a\u0430\u043c\u0438 C/C++ \u043f\u043e \u043c\u0435\u0440\u0435 \u043d\u0435\u043e\u0431\u0445\u043e\u0434\u0438\u043c\u043e\u0441\u0442\u0438.\r\n", 
         "property_name": 5
      }
   }, 
   {
      "pk": 13, 
      "model": "core.speakerfield", 
      "fields": {
         "lang": 1, 
         "speaker": 3, 
         "value": "Andrew Svetlov", 
         "property_name": 1
      }
   }, 
   {
      "pk": 15, 
      "model": "core.speakerfield", 
      "fields": {
         "lang": 1, 
         "speaker": 3, 
         "value": "Rainboo", 
         "property_name": 3
      }
   }, 
   {
      "pk": 17, 
      "model": "core.speakerfield", 
      "fields": {
         "lang": 3, 
         "speaker": 3, 
         "value": "\u0410\u043d\u0434\u0440\u0456\u0439 \u0421\u0432\u0435\u0442\u043b\u043e\u0432", 
         "property_name": 1
      }
   }, 
   {
      "pk": 19, 
      "model": "core.speakerfield", 
      "fields": {
         "lang": 3, 
         "speaker": 3, 
         "value": "Rainboo", 
         "property_name": 3
      }
   }, 
   {
      "pk": 21, 
      "model": "core.speakerfield", 
      "fields": {
         "lang": 1, 
         "speaker": 2, 
         "value": "Sergey Kirillov", 
         "property_name": 1
      }
   }, 
   {
      "pk": 23, 
      "model": "core.speakerfield", 
      "fields": {
         "lang": 1, 
         "speaker": 2, 
         "value": "Rainboo", 
         "property_name": 3
      }
   }, 
   {
      "pk": 24, 
      "model": "core.speakerfield", 
      "fields": {
         "lang": 1, 
         "speaker": 2, 
         "value": "Developing with Python since 2002.", 
         "property_name": 5
      }
   }, 
   {
      "pk": 25, 
      "model": "core.speakerfield", 
      "fields": {
         "lang": 3, 
         "speaker": 2, 
         "value": "\u0421\u0435\u0440\u0433\u0456\u0439 \u041a\u0456\u0440\u0456\u043b\u043b\u043e\u0432", 
         "property_name": 1
      }
   }, 
   {
      "pk": 27, 
      "model": "core.speakerfield", 
      "fields": {
         "lang": 3, 
         "speaker": 2, 
         "value": "Rainboo", 
         "property_name": 3
      }
   }, 
   {
      "pk": 28, 
      "model": "core.speakerfield", 
      "fields": {
         "lang": 3, 
         "speaker": 2, 
         "value": "\u041f\u0456\u0442\u043e\u043d\u044e \u0437 2002, \u0432 \u043e\u0441\u043d\u043e\u0432\u043d\u043e\u043c\u0443 \u0443\u0441\u043f\u0456\u0448\u043d\u043e", 
         "property_name": 5
      }
   }, 
   {
      "pk": 29, 
      "model": "core.speakerfield", 
      "fields": {
         "lang": 1, 
         "speaker": 1, 
         "value": "Vladimir Pouzanov, Vladimir Kirillov", 
         "property_name": 1
      }
   }, 
   {
      "pk": 31, 
      "model": "core.speakerfield", 
      "fields": {
         "lang": 1, 
         "speaker": 1, 
         "value": "Hack&Dev Team", 
         "property_name": 3
      }
   }, 
   {
      "pk": 35, 
      "model": "core.speakerfield", 
      "fields": {
         "lang": 3, 
         "speaker": 1, 
         "value": "Hack&Dev Team", 
         "property_name": 3
      }
   }, 
   {
      "pk": 43, 
      "model": "core.speakerfield", 
      "fields": {
         "lang": 1, 
         "speaker": 4, 
         "value": "CloudMade", 
         "property_name": 3
      }
   }, 
   {
      "pk": 32, 
      "model": "core.speakerfield", 
      "fields": {
         "lang": 1, 
         "speaker": 1, 
         "value": "We represent Hack&Dev Team open-source community. Python is one\r\nof the most used languages here (after C), and we're constantly using\r\nit in everyday life & work. This includes various tasks of different\r\nscale: binary calculations in console and data analysis (IPython),\r\ndesktop applications and UI prototyping (PyQt4, PyObjC, PyGTK+),\r\nsystem administration, web applications (Django, Pyjamas).\r\n", 
         "property_name": 5
      }
   }, 
   {
      "pk": 36, 
      "model": "core.speakerfield", 
      "fields": {
         "lang": 3, 
         "speaker": 1, 
         "value": "\u041c\u0438 \u043f\u0440\u0435\u0434\u0441\u0442\u0430\u0432\u043b\u044f\u0454\u043c\u043e \u0441\u043f\u0456\u043b\u044c\u043d\u043e\u0442\u0443 \u043f\u0440\u043e\u0433\u0440\u0430\u043c\u0456\u0441\u0442\u0456\u0432 Hack&Dev Team. \u0412 \u0440\u043e\u0431\u043e\u0442\u0456 \u0442\u0430\r\n\u043f\u043e\u0432\u0441\u044f\u043a\u0434\u0435\u043d\u043d\u043e\u043c\u0443 \u0436\u0438\u0442\u0456 \u043c\u0438 \u0432\u0438\u043a\u043e\u0440\u0438\u0441\u0442\u043e\u0432\u0443\u0454\u043c\u043e Python \u043f\u043e\u0441\u0442\u0456\u0439\u043d\u043e, \u0434\u043b\u044f \u0437\u0430\u0434\u0430\u0447 \u043d\u0430\u0439\u0440\u0456\u0437\u043d\u043e\u043c\u0430\u043d\u0456\u0442\u043d\u0456\u0448\u0438\u0445\r\n\u043c\u0430\u0441\u0448\u0442\u0430\u0431\u0456\u0432: \u043f\u043e\u0431\u0456\u0442\u043e\u0432\u0456 \u043b\u0456\u043d\u0456\u0439\u043a\u0438, \u043e\u0431\u0440\u043e\u0431\u043a\u0430 \u0440\u0456\u0437\u043d\u0438\u0445 \u043c\u0430\u0441\u0438\u0432\u0456\u0432\r\n\u0434\u0430\u043d\u0438\u0445, desktop-\u0437\u0430\u0441\u0442\u043e\u0441\u0443\u0432\u0430\u043d\u043d\u044f \u0442\u0430 \u043f\u0440\u043e\u0442\u043e\u0442\u0438\u043f\u0443\u0432\u0430\u043d\u043d\u044f UI (IPython, PyQt4,\r\nPyObjC, PyGTK+), \u0443\u0442\u0438\u043b\u0456\u0442\u0438 \u0441\u0438\u0441\u0442\u0435\u043c\u043d\u043e\u0433\u043e \u0430\u0434\u043c\u0456\u043d\u0456\u0441\u0442\u0440\u0443\u0432\u0430\u043d\u043d\u044f, \u0432\u0435\u0431-\u0441\u0435\u0440\u0432\u0456\u0441\u0438\r\n(Django, Pyjamas).", 
         "property_name": 5
      }
   }, 
   {
      "pk": 16, 
      "model": "core.speakerfield", 
      "fields": {
         "lang": 1, 
         "speaker": 3, 
         "value": "Have started learning the language at the 1999.\r\nFirst full-time project was in the 2003.\r\nI have worked in very different areas - game development, network communication, financial, web.\r\nPython is the main development language with embedding of the C/C++ if needed.\r\n", 
         "property_name": 5
      }
   }, 
   {
      "pk": 20, 
      "model": "core.speakerfield", 
      "fields": {
         "lang": 3, 
         "speaker": 3, 
         "value": "\u041c\u043e\u0432\u0443 \u043f\u043e\u0447\u0430\u0432 \u0432\u0438\u0432\u0447\u0430\u0442\u0438 \u0432 1999. \u0412 2003 - \u043f\u0435\u0440\u0448\u0438\u0439 full-time \u043f\u0440\u043e\u0435\u043a\u0442 \u043d\u0430 \u043d\u0456\u0439.\r\n\u0421\u0442\u043e\u0441\u043e\u0432\u043d\u043e \u041f\u0456\u0442\u043e\u043d\u0430:\r\n\u0420\u043e\u0431\u0438\u0432 \u043d\u0430\u0439\u0440\u0456\u0437\u043d\u043e\u043c\u0430\u043d\u0456\u0442\u043d\u0456\u0448\u0435 - \u0433\u0435\u0439\u043c\u0434\u0435\u0432, \u043c\u0435\u0440\u0435\u0436\u0435\u0432\u0456 \u043a\u043e\u043c\u0443\u043d\u0456\u043a\u0430\u0446\u0456\u0457, \u0444\u0456\u043d\u0430\u043d\u0441\u043e\u0432\u0438\u0439 \u0441\u043e\u0444\u0442, \u0441\u0430\u0439\u0442\u0438.\r\n\u041f\u0456\u0442\u043e\u043d - \u043e\u0441\u043d\u043e\u0432\u043d\u0430 \u043c\u043e\u0432\u0430 \u0440\u043e\u0437\u0440\u043e\u0431\u043a\u0438 \u0437\u0456 \u0432\u0441\u0442\u0430\u0432\u043a\u0430\u043c\u0438 C/C++ \u043f\u0440\u0438 \u043d\u0435\u043e\u0431\u0445\u0456\u0434\u043d\u043e\u0441\u0442\u0456.\r\n", 
         "property_name": 5
      }
   }, 
   {
      "pk": 33, 
      "model": "core.speakerfield", 
      "fields": {
         "lang": 3, 
         "speaker": 1, 
         "value": "\u0412\u043e\u043b\u043e\u0434\u0438\u043c\u0438\u0440 \u041f\u0443\u0437\u0430\u043d\u043e\u0432, \u0412\u043e\u043b\u043e\u0434\u0438\u043c\u0438\u0440 \u041a\u0438\u0440\u0438\u043b\u043e\u0432", 
         "property_name": 1
      }
   }, 
   {
      "pk": 37, 
      "model": "core.speakerfield", 
      "fields": {
         "lang": 2, 
         "speaker": 4, 
         "value": "\u0410\u043d\u0434\u0440\u0435\u0439 \u041c\u0438\u0448\u043a\u043e\u0432\u0441\u043a\u0438\u0439", 
         "property_name": 1
      }
   }, 
   {
      "pk": 38, 
      "model": "core.speakerfield", 
      "fields": {
         "lang": 1, 
         "speaker": 4, 
         "value": "Andrii Mishkovskyi", 
         "property_name": 1
      }
   }, 
   {
      "pk": 39, 
      "model": "core.speakerfield", 
      "fields": {
         "lang": 3, 
         "speaker": 4, 
         "value": "\u0410\u043d\u0434\u0440\u0456\u0439 \u041c\u0456\u0448\u043a\u043e\u0432\u0441\u044c\u043a\u0438\u0439", 
         "property_name": 1
      }
   }, 
   {
      "pk": 44, 
      "model": "core.speakerfield", 
      "fields": {
         "lang": 2, 
         "speaker": 4, 
         "value": "CloudMade", 
         "property_name": 3
      }
   }, 
   {
      "pk": 45, 
      "model": "core.speakerfield", 
      "fields": {
         "lang": 3, 
         "speaker": 4, 
         "value": "CloudMade", 
         "property_name": 3
      }
   }, 
   {
      "pk": 46, 
      "model": "core.speakerfield", 
      "fields": {
         "lang": 1, 
         "speaker": 4, 
         "value": "Software Engineer", 
         "property_name": 4
      }
   }, 
   {
      "pk": 47, 
      "model": "core.speakerfield", 
      "fields": {
         "lang": 2, 
         "speaker": 4, 
         "value": "Software Engineer", 
         "property_name": 4
      }
   }, 
   {
      "pk": 48, 
      "model": "core.speakerfield", 
      "fields": {
         "lang": 3, 
         "speaker": 4, 
         "value": "Software Engineer", 
         "property_name": 4
      }
   }, 
   {
      "pk": 40, 
      "model": "core.speakerfield", 
      "fields": {
         "lang": 2, 
         "speaker": 4, 
         "value": "\u041a\u0438\u0435\u0432, \u0423\u043a\u0440\u0430\u0438\u043d\u0430", 
         "property_name": 2
      }
   }, 
   {
      "pk": 41, 
      "model": "core.speakerfield", 
      "fields": {
         "lang": 1, 
         "speaker": 4, 
         "value": "Kyiv, Ukraine", 
         "property_name": 2
      }
   }, 
   {
      "pk": 42, 
      "model": "core.speakerfield", 
      "fields": {
         "lang": 3, 
         "speaker": 4, 
         "value": "\u041a\u0438\u0457\u0432, \u0423\u043a\u0440\u0430\u0457\u043d\u0430", 
         "property_name": 2
      }
   }, 
   {
      "pk": 10, 
      "model": "core.speakerfield", 
      "fields": {
         "lang": 2, 
         "speaker": 3, 
         "value": "\u041a\u0438\u0435\u0432, \u0423\u043a\u0440\u0430\u0438\u043d\u0430", 
         "property_name": 2
      }
   }, 
   {
      "pk": 14, 
      "model": "core.speakerfield", 
      "fields": {
         "lang": 1, 
         "speaker": 3, 
         "value": "Kyiv, Ukraine", 
         "property_name": 2
      }
   }, 
   {
      "pk": 18, 
      "model": "core.speakerfield", 
      "fields": {
         "lang": 3, 
         "speaker": 3, 
         "value": "\u041a\u0438\u0457\u0432, \u0423\u043a\u0440\u0430\u0457\u043d\u0430", 
         "property_name": 2
      }
   }, 
   {
      "pk": 6, 
      "model": "core.speakerfield", 
      "fields": {
         "lang": 2, 
         "speaker": 2, 
         "value": "\u041a\u0438\u0435\u0432, \u0423\u043a\u0440\u0430\u0438\u043d\u0430", 
         "property_name": 2
      }
   }, 
   {
      "pk": 22, 
      "model": "core.speakerfield", 
      "fields": {
         "lang": 1, 
         "speaker": 2, 
         "value": "Kyiv, Ukraine", 
         "property_name": 2
      }
   }, 
   {
      "pk": 26, 
      "model": "core.speakerfield", 
      "fields": {
         "lang": 3, 
         "speaker": 2, 
         "value": "\u041a\u0438\u0457\u0432, \u0423\u043a\u0440\u0430\u0457\u043d\u0430", 
         "property_name": 2
      }
   }, 
   {
      "pk": 3, 
      "model": "core.speakerfield", 
      "fields": {
         "lang": 2, 
         "speaker": 1, 
         "value": "\u041a\u0438\u0435\u0432, \u0423\u043a\u0440\u0430\u0438\u043d\u0430", 
         "property_name": 2
      }
   }, 
   {
      "pk": 30, 
      "model": "core.speakerfield", 
      "fields": {
         "lang": 1, 
         "speaker": 1, 
         "value": "Kyiv, Ukraine", 
         "property_name": 2
      }
   }, 
   {
      "pk": 34, 
      "model": "core.speakerfield", 
      "fields": {
         "lang": 3, 
         "speaker": 1, 
         "value": "\u041a\u0438\u0457\u0432, \u0423\u043a\u0440\u0430\u0457\u043d\u0430", 
         "property_name": 2
      }
   }, 
   {
      "pk": 49, 
      "model": "core.speakerfield", 
      "fields": {
         "lang": 2, 
         "speaker": 4, 
         "value": "\u0410\u043a\u0442\u0438\u0432\u043d\u043e \u0438\u0441\u043f\u043e\u043b\u044c\u0437\u0443\u044e Python \u0432 \u0441\u0432\u043e\u0435\u0439 \u0440\u0430\u0431\u043e\u0442\u0435 \u0432\u043e\u0442 \u0443\u0436\u0435 2,5 \u0433\u043e\u0434\u0430, \u043f\u043e\u0441\u043b\u0435\u0434\u043d\u0438\u0435\r\n\u043f\u043e\u043b\u0442\u043e\u0440\u0430 \u0433\u043e\u0434\u0430 Python -- \u043e\u0441\u043d\u043e\u0432\u043d\u043e\u0439 \u044f\u0437\u044b\u043a \u0440\u0430\u0437\u0440\u0430\u0431\u043e\u0442\u043a\u0438. \u041d\u0430\u0447\u0438\u043d\u0430\u043b \u0441 \u043f\u0440\u043e\u0441\u0442\u044b\u0445\r\n\u0441\u043a\u0440\u0438\u043f\u0442\u043e\u0432 \u043a\u043e\u0442\u043e\u0440\u044b\u0435 \u043e\u0431\u0440\u0430\u0431\u0430\u0442\u044b\u0432\u0430\u043b\u0438 XML, \u0441\u0435\u0439\u0447\u0430\u0441 \u0436\u0435 \u0438\u0441\u043f\u043e\u043b\u044c\u0437\u0443\u044e Python \u0434\u043b\u044f\r\n\u043d\u0430\u043f\u0438\u0441\u0430\u043d\u0438\u044f \u043a\u0430\u0440\u0442\u043e\u0433\u0440\u0430\u0444\u0438\u0447\u0435\u0441\u043a\u0438\u0445 \u0441\u0435\u0440\u0432\u0438\u0441\u043e\u0432, \u043d\u0430\u043f\u0440\u044f\u043c\u0443\u044e \u0441\u0432\u044f\u0437\u0430\u043d\u043d\u044b\u0445 \u0441 \u0440\u0435\u043d\u0434\u0435\u0440\u0438\u043d\u0433\u043e\u043c\r\n\u043a\u0430\u0440\u0442.", 
         "property_name": 5
      }
   }, 
   {
      "pk": 51, 
      "model": "core.speakerfield", 
      "fields": {
         "lang": 1, 
         "speaker": 4, 
         "value": "I am using Python in my work for 2,5 years, and for the last 1,5 years Python is the main development language for me. At the beginning, I was working with simple scripts to parse XML.  Now I am using Python for writing cartography services related to the map rendering tasks.", 
         "property_name": 5
      }
   }, 
   {
      "pk": 52, 
      "model": "core.speakerfield", 
      "fields": {
         "lang": 2, 
         "speaker": 5, 
         "value": "\u0418\u0432\u0430\u043d \u041c\u043e\u0440\u0433\u0443\u043d", 
         "property_name": 1
      }
   }, 
   {
      "pk": 53, 
      "model": "core.speakerfield", 
      "fields": {
         "lang": 3, 
         "speaker": 5, 
         "value": "\u0406\u0432\u0430\u043d \u041c\u043e\u0440\u0433\u0443\u043d", 
         "property_name": 1
      }
   }, 
   {
      "pk": 54, 
      "model": "core.speakerfield", 
      "fields": {
         "lang": 1, 
         "speaker": 5, 
         "value": "Ivan Morgun", 
         "property_name": 1
      }
   }, 
   {
      "pk": 55, 
      "model": "core.speakerfield", 
      "fields": {
         "lang": 2, 
         "speaker": 5, 
         "value": "\u0412\u0438\u043d\u043d\u0438\u0446\u0430, \u0423\u043a\u0440\u0430\u0438\u043d\u0430", 
         "property_name": 2
      }
   }, 
   {
      "pk": 56, 
      "model": "core.speakerfield", 
      "fields": {
         "lang": 3, 
         "speaker": 5, 
         "value": "\u0412\u0456\u043d\u043d\u0438\u0446\u044f, \u0423\u043a\u0440\u0430\u0457\u043d\u0430", 
         "property_name": 2
      }
   }, 
   {
      "pk": 57, 
      "model": "core.speakerfield", 
      "fields": {
         "lang": 1, 
         "speaker": 5, 
         "value": "Vinnitsya, Ukraine", 
         "property_name": 2
      }
   }, 
   {
      "pk": 58, 
      "model": "core.speakerfield", 
      "fields": {
         "lang": 2, 
         "speaker": 5, 
         "value": "\u0424\u0440\u0438\u043b\u0430\u043d\u0441\u0435\u0440", 
         "property_name": 4
      }
   }, 
   {
      "pk": 59, 
      "model": "core.speakerfield", 
      "fields": {
         "lang": 1, 
         "speaker": 5, 
         "value": "Freelancer", 
         "property_name": 4
      }
   }, 
   {
      "pk": 60, 
      "model": "core.speakerfield", 
      "fields": {
         "lang": 3, 
         "speaker": 5, 
         "value": "\u0424\u0440\u0456\u043b\u0430\u043d\u0441\u0435\u0440", 
         "property_name": 4
      }
   }, 
   {
      "pk": 61, 
      "model": "core.speakerfield", 
      "fields": {
         "lang": 2, 
         "speaker": 5, 
         "value": "\u041f\u0438\u0448\u0443 \u043d\u0430 python, Django \u0443\u0436\u0435 \u043e\u043a\u043e\u043b\u043e \u0433\u043e\u0434\u0430. \u041e\u0441\u043d\u043e\u0432\u043d\u044b\u0435 \u0441\u0444\u0435\u0440\u044b \u043f\u0440\u0438\u043c\u0435\u043d\u0435\u043d\u0438\u044f: web,  \u0441\u0438\u0441\u0442\u0435\u043c\u043d\u044b\u0435 \u0443\u0442\u0438\u043b\u0438\u0442\u044b. ", 
         "property_name": 5
      }
   }, 
   {
      "pk": 62, 
      "model": "core.speakerfield", 
      "fields": {
         "lang": 3, 
         "speaker": 5, 
         "value": "\u041f\u0438\u0448\u0443 \u043d\u0430 python, Django \u0432\u0436\u0435 \u0431\u0456\u043b\u044f \u0440\u043e\u043a\u0443. \u041e\u0441\u043d\u043e\u0432\u043d\u0456 \u0441\u0444\u0435\u0440\u0438 \u0437\u0430\u0441\u0442\u043e\u0441\u0443\u0432\u0430\u043d\u043d\u044f: web, \u0441\u0438\u0441\u0442\u0435\u043c\u043d\u0456 \u0443\u0442\u0438\u043b\u0456\u0442\u0438. ", 
         "property_name": 5
      }
   }, 
   {
      "pk": 63, 
      "model": "core.speakerfield", 
      "fields": {
         "lang": 1, 
         "speaker": 5, 
         "value": "I am developing with python and Django for about an year. Main areas of interest: web and system tools.", 
         "property_name": 5
      }
   }, 
   {
      "pk": 64, 
      "model": "core.speakerfield", 
      "fields": {
         "lang": 2, 
         "speaker": 6, 
         "value": "\u0410\u043b\u0435\u043a\u0441\u0430\u043d\u0434\u0440 \u0428\u0438\u0433\u0438\u043d", 
         "property_name": 1
      }
   }, 
   {
      "pk": 65, 
      "model": "core.speakerfield", 
      "fields": {
         "lang": 1, 
         "speaker": 6, 
         "value": "Alexander Shigin", 
         "property_name": 1
      }
   }, 
   {
      "pk": 66, 
      "model": "core.speakerfield", 
      "fields": {
         "lang": 3, 
         "speaker": 6, 
         "value": "\u041e\u043b\u0435\u043a\u0441\u0430\u043d\u0434\u0440 \u0428\u0438\u0433\u0456\u043d", 
         "property_name": 1
      }
   }, 
   {
      "pk": 67, 
      "model": "core.speakerfield", 
      "fields": {
         "lang": 2, 
         "speaker": 6, 
         "value": "\u041c\u043e\u0441\u043a\u0432\u0430, \u0420\u043e\u0441\u0441\u0438\u0439\u0441\u043a\u0430\u044f \u0424\u0435\u0434\u0435\u0440\u0430\u0446\u0438\u044f", 
         "property_name": 2
      }
   }, 
   {
      "pk": 68, 
      "model": "core.speakerfield", 
      "fields": {
         "lang": 1, 
         "speaker": 6, 
         "value": "Moscow, Russia ", 
         "property_name": 2
      }
   }, 
   {
      "pk": 69, 
      "model": "core.speakerfield", 
      "fields": {
         "lang": 3, 
         "speaker": 6, 
         "value": "\u041c\u043e\u0441\u043a\u0432\u0430, \u0420\u043e\u0441\u0456\u0439\u0441\u044c\u043a\u0430 \u0424\u0435\u0434\u0435\u0440\u0430\u0446\u0456\u044f", 
         "property_name": 2
      }
   }, 
   {
      "pk": 70, 
      "model": "core.speakerfield", 
      "fields": {
         "lang": 2, 
         "speaker": 6, 
         "value": "Rambler", 
         "property_name": 3
      }
   }, 
   {
      "pk": 71, 
      "model": "core.speakerfield", 
      "fields": {
         "lang": 1, 
         "speaker": 6, 
         "value": "Rambler", 
         "property_name": 3
      }
   }, 
   {
      "pk": 72, 
      "model": "core.speakerfield", 
      "fields": {
         "lang": 3, 
         "speaker": 6, 
         "value": "Rambler", 
         "property_name": 3
      }
   }, 
   {
      "pk": 73, 
      "model": "core.speakerfield", 
      "fields": {
         "lang": 2, 
         "speaker": 6, 
         "value": "\u0421\u043f\u0435\u0446\u0438\u0430\u043b\u0438\u0441\u0442", 
         "property_name": 4
      }
   }, 
   {
      "pk": 74, 
      "model": "core.speakerfield", 
      "fields": {
         "lang": 1, 
         "speaker": 6, 
         "value": "Engineer", 
         "property_name": 4
      }
   }, 
   {
      "pk": 75, 
      "model": "core.speakerfield", 
      "fields": {
         "lang": 3, 
         "speaker": 6, 
         "value": "\u0421\u043f\u0435\u0446\u0456\u0430\u043b\u0456\u0441\u0442", 
         "property_name": 4
      }
   }, 
   {
      "pk": 76, 
      "model": "core.speakerfield", 
      "fields": {
         "lang": 2, 
         "speaker": 6, 
         "value": "\u041f\u043e\u0437\u043d\u0430\u043a\u043e\u043c\u0438\u043b\u0441\u044f \u0441 Python'\u043e\u043c \u0432 2007 \u0433\u043e\u0434\u0443 \u0438 \u0441\u043d\u0430\u0447\u0430\u043b\u0430 \u0438\u0441\u043f\u043e\u043b\u044c\u0437\u043e\u0432\u0430\u043b \u0435\u0433\u043e \u043a\u0430\u043a\r\n\u043f\u0440\u043e\u0441\u0442\u043e\u0439 \u0441\u043a\u0440\u0438\u043f\u0442\u043e\u0432\u044b\u0439 \u044f\u0437\u044b\u043a, \u043d\u043e, \u043f\u043e\u0437\u043d\u0430\u043a\u043e\u043c\u0438\u0432\u0448\u0438\u0441\u044c \u0441 \u0435\u0433\u043e \u0432\u043e\u0437\u043c\u043e\u0436\u043d\u043e\u0441\u0442\u044f\u043c\u0438\r\n\u043c\u0435\u0442\u0430\u043f\u0440\u043e\u0433\u0440\u0430\u043c\u043c\u0438\u0440\u043e\u0432\u0430\u043d\u0438\u044f, \u0432\u043b\u044e\u0431\u0438\u043b\u0441\u044f \u0432 \u043d\u0435\u0433\u043e \u0438 \u0431\u043e\u043b\u044c\u0448\u0435 \u0433\u043e\u0434\u0430 \u043f\u0438\u0441\u0430\u043b \u043f\u043e\u0447\u0442\u0438\r\n\u0438\u0441\u043a\u043b\u044e\u0447\u0438\u0442\u0435\u043b\u044c\u043d\u043e \u043d\u0430 \u043d\u0435\u043c. \u041d\u0430\u043f\u0438\u0441\u0430\u043b \u043d\u0435\u0441\u043a\u043e\u043b\u044c\u043a\u043e \u0432\u044b\u0441\u043e\u043a\u043e\u043d\u0430\u0433\u0440\u0443\u0436\u0435\u043d\u043d\u044b\u0445 \u0441\u0435\u0440\u0432\u0438\u0441\u043e\u0432 \u0438\r\n\u043f\u0440\u043e\u0433\u0440\u0430\u043c\u043c \u0434\u043b\u044f \u043e\u0431\u0440\u0430\u0431\u043e\u0442\u043a\u0438 \u0431\u043e\u043b\u044c\u0448\u043e\u0433\u043e \u043a\u043e\u043b\u0438\u0447\u0435\u0441\u0442\u0432\u0430 \u0434\u0430\u043d\u043d\u044b\u0445 \u043f\u0430\u0440\u0430\u043b\u043b\u0435\u043b\u044c\u043d\u043e.\r\n\r\n\u0412 \u043d\u0430\u0441\u0442\u043e\u044f\u0449\u0435\u0435 \u0432\u0440\u0435\u043c\u044f \u0438\u043d\u0442\u0435\u0440\u0435\u0441\u0443\u044e\u0441\u044c \u0432\u043e\u043f\u0440\u043e\u0441\u0430\u043c\u0438 \u043e\u043f\u0442\u0438\u043c\u0438\u0437\u0430\u0446\u0438\u0438 Python \u043a\u043e\u0434\u0430.\r\n", 
         "property_name": 5
      }
   }, 
   {
      "pk": 77, 
      "model": "core.speakerfield", 
      "fields": {
         "lang": 3, 
         "speaker": 6, 
         "value": "\u041f\u043e\u0437\u043d\u0430\u0439\u043e\u043c\u0438\u0432\u0441\u044f \u0437 Python'\u043e\u043c \u0443 2007 \u0440\u043e\u0446\u0456 \u0442\u0430 \u0441\u043f\u043e\u0447\u0430\u0442\u043a\u0443 \u0432\u0438\u043a\u043e\u0440\u0438\u0441\u0442\u043e\u0432\u0443\u0432\u0430\u0432 \u0439\u043e\u0433\u043e \u044f\u043a \u043f\u0440\u043e\u0441\u0442\u0443\r\n\u0441\u043a\u0440\u0438\u043f\u0442\u043e\u0432\u0443 \u043c\u043e\u0432\u0443, \u0430\u043b\u0435, \u043a\u043e\u043b\u0438 \u043f\u043e\u0437\u043d\u0430\u0439\u043e\u043c\u0438\u0432\u0441\u044f \u0437 \u0439\u043e\u0433\u043e \u043c\u043e\u0436\u043b\u0438\u0432\u043e\u0441\u0442\u044f\u043c\u0438 \u043c\u0435\u0442\u0430\u043f\u0440\u043e\u0433\u0440\u0430\u043c\u0443\u0432\u0430\u043d\u043d\u044f, \u0437\u0430\u043a\u043e\u0445\u0430\u0432\u0441\u044f \u0432 \u043d\u044c\u043e\u0433\u043e \u0442\u0430 \u0431\u0456\u043b\u044c\u0448\u0435 \u0440\u043e\u043a\u0443 \u043f\u0438\u0441\u0430\u0432 \u043c\u0430\u0439\u0436\u0435 \u0432\u0438\u043a\u043b\u044e\u0447\u043d\u043e \u043d\u0430 Python. \u041d\u0430\u043f\u0438\u0441\u0430\u0432 \u0434\u0435\u043a\u0456\u043b\u044c\u043a\u0430 \u0432\u0438\u0441\u043e\u043a\u043e\u043d\u0430\u0432\u0430\u043d\u0442\u0430\u0436\u0435\u043d\u0438\u0445 \u0441\u0435\u0440\u0432\u0456\u0441\u0456\u0432 \u0442\u0430\r\n\u043f\u0440\u043e\u0433\u0440\u0430\u043c \u0434\u043b\u044f \u043e\u0431\u0440\u043e\u0431\u043a\u0438 \u0432\u0435\u043b\u0438\u043a\u043e\u0457 \u043a\u0456\u043b\u044c\u043a\u043e\u0441\u0442\u0456 \u0434\u0430\u043d\u0438\u0445 \u043f\u0430\u0440\u0430\u043b\u0435\u043b\u044c\u043d\u043e.\r\n\r\n\u0417\u0430\u0440\u0430\u0437 \u0446\u0456\u043a\u0430\u0432\u043b\u044e\u0441\u044f \u043f\u0438\u0442\u0430\u043d\u043d\u044f\u043c\u0438 \u043e\u043f\u0442\u0438\u043c\u0456\u0437\u0430\u0446\u0456\u0457 Python \u043a\u043e\u0434\u0443.\r\n", 
         "property_name": 5
      }
   }, 
   {
      "pk": 78, 
      "model": "core.speakerfield", 
      "fields": {
         "lang": 1, 
         "speaker": 6, 
         "value": "I have met Python in 2007, and have used it for simple scripting tasks at first. After I've met his meta-programming possibilities, I've fall in love with him and have been programming using only Python for  more than an year. I've wrote some  heavy services and applications for parallel processing of big data.\r\n\r\nNow I am very interested in the Python code optimization tasks.\r\n", 
         "property_name": 5
      }
   }, 
   {
      "pk": 50, 
      "model": "core.speakerfield", 
      "fields": {
         "lang": 3, 
         "speaker": 4, 
         "value": "\u0410\u043a\u0442\u0438\u0432\u043d\u043e \u0432\u0438\u043a\u043e\u0440\u0438\u0441\u0442\u043e\u0432\u0443\u044e Python \u0432 \u0441\u0432\u043e\u0456\u0439 \u0440\u043e\u0431\u043e\u0442\u0456 \u0432\u0436\u0435 2,5 \u0440\u043e\u043a\u0438, \u043e\u0441\u0442\u0430\u043d\u043d\u0456\r\n\u043f\u0456\u0432\u0442\u043e\u0440\u0430 \u0440\u043e\u043a\u0438 Python -- \u043e\u0441\u043d\u043e\u0432\u043d\u0430 \u043c\u043e\u0432\u0430 \u0440\u043e\u0437\u0440\u043e\u0431\u043a\u0438. \u041f\u043e\u0447\u0438\u043d\u0430\u0432 \u0437 \u043f\u0440\u043e\u0441\u0442\u0438\u0445 \u0441\u043a\u0440\u0438\u043f\u0442\u0456\u0432\r\n\u0434\u043b\u044f \u043e\u0431\u0440\u043e\u0431\u043a\u0438 XML, \u0437\u0430\u0440\u0430\u0437 \u0432\u0438\u043a\u043e\u0440\u0438\u0441\u0442\u043e\u0432\u0443\u044e Python \u0434\u043b\u044f\r\n\u043d\u0430\u043f\u0438\u0441\u0430\u043d\u043d\u044f \u043a\u0430\u0440\u0442\u043e\u0433\u0440\u0430\u0444\u0456\u0447\u043d\u0438\u0445 \u0441\u0435\u0440\u0432\u0456\u0441\u0456\u0432,  \u044f\u043a\u0456 \u043d\u0430\u043f\u0440\u044f\u043c\u0443 \u043f\u043e\u0432\u2019\u044f\u0437\u0430\u043d\u0456 \u0437 \u0440\u0435\u043d\u0434\u0435\u0440\u0438\u043d\u0433\u043e\u043c\r\n\u043a\u0430\u0440\u0442.", 
         "property_name": 5
      }
   }, 
   {
      "pk": 2, 
      "model": "core.presentation", 
      "fields": {
         "speakers": 2, 
         "time_start": null, 
         "time_end": null, 
         "file": ""
      }
   }, 
   {
      "pk": 1, 
      "model": "core.presentation", 
      "fields": {
         "speakers": 1, 
         "time_start": null, 
         "time_end": null, 
         "file": ""
      }
   }, 
   {
      "pk": 3, 
      "model": "core.presentation", 
      "fields": {
         "speakers": 3, 
         "time_start": null, 
         "time_end": null, 
         "file": ""
      }
   }, 
   {
      "pk": 4, 
      "model": "core.presentation", 
      "fields": {
         "speakers": 4, 
         "time_start": null, 
         "time_end": null, 
         "file": ""
      }
   }, 
   {
      "pk": 5, 
      "model": "core.presentation", 
      "fields": {
         "speakers": 5, 
         "time_start": null, 
         "time_end": null, 
         "file": ""
      }
   }, 
   {
      "pk": 6, 
      "model": "core.presentation", 
      "fields": {
         "speakers": 6, 
         "time_start": null, 
         "time_end": null, 
         "file": ""
      }
   }, 
   {
      "pk": 1, 
      "model": "core.presentationfield", 
      "fields": {
         "lang": 2, 
         "presentation": 1, 
         "value": "\u0420\u0430\u0441\u0448\u0438\u0440\u0435\u043d\u0438\u0435 \u0438 \u0432\u0441\u0442\u0440\u0430\u0438\u0432\u0430\u043d\u0438\u0435 Python", 
         "property_name": 1
      }
   }, 
   {
      "pk": 2, 
      "model": "core.presentationfield", 
      "fields": {
         "lang": 2, 
         "presentation": 2, 
         "value": "WebSockets \u0432 Twisted", 
         "property_name": 1
      }
   }, 
   {
      "pk": 4, 
      "model": "core.presentationfield", 
      "fields": {
         "lang": 3, 
         "presentation": 1, 
         "value": "\u0420\u043e\u0437\u0448\u0438\u0440\u0435\u043d\u043d\u044f \u0442\u0430 \u0432\u0431\u0443\u0434\u043e\u0432\u0443\u0432\u0430\u043d\u043d\u044f Python", 
         "property_name": 1
      }
   }, 
   {
      "pk": 5, 
      "model": "core.presentationfield", 
      "fields": {
         "lang": 1, 
         "presentation": 2, 
         "value": "WebSockets in Twisted", 
         "property_name": 1
      }
   }, 
   {
      "pk": 6, 
      "model": "core.presentationfield", 
      "fields": {
         "lang": 3, 
         "presentation": 2, 
         "value": "WebSockets \u0432 Twisted", 
         "property_name": 1
      }
   }, 
   {
      "pk": 3, 
      "model": "core.presentationfield", 
      "fields": {
         "lang": 1, 
         "presentation": 1, 
         "value": "Python: Extending and Embedding", 
         "property_name": 1
      }
   }, 
   {
      "pk": 7, 
      "model": "core.presentationfield", 
      "fields": {
         "lang": 2, 
         "presentation": 3, 
         "value": "\u0411\u0435\u0437\u043e\u043f\u0430\u0441\u043d\u0430\u044f \u0440\u0430\u0437\u0440\u0430\u0431\u043e\u0442\u043a\u0430 \u041f\u041e. \u0420\u0435\u0437\u0443\u043b\u044c\u0442\u0430\u0442 \u0434\u043b\u0438\u043d\u043d\u043e\u0433\u043e \u043f\u0443\u0442\u0438 \u0438 \u043c\u043d\u043e\u0436\u0435\u0441\u0442\u0432\u0430 \u043d\u0430\u0431\u0438\u0442\u044b\u0445 \u0448\u0438\u0448\u0435\u043a.", 
         "property_name": 1
      }
   }, 
   {
      "pk": 8, 
      "model": "core.presentationfield", 
      "fields": {
         "lang": 3, 
         "presentation": 3, 
         "value": "\u0411\u0435\u0437\u043f\u0435\u0447\u043d\u0430 \u0440\u043e\u0437\u0440\u043e\u0431\u043a\u0430 \u041f\u0417. \u0420\u0435\u0437\u0443\u043b\u044c\u0442\u0430\u0442 \u0434\u043e\u0432\u0433\u043e\u0433\u043e \u0448\u043b\u044f\u0445\u0443 \u0442\u0430 \u0432\u0435\u043b\u0438\u0447\u0435\u0437\u043d\u043e\u0457 \u043a\u0456\u043b\u044c\u043a\u043e\u0441\u0442\u0456 \u043d\u0430\u0431\u0438\u0442\u0438\u0445 \u0433\u0443\u043b\u044c.", 
         "property_name": 1
      }
   }, 
   {
      "pk": 9, 
      "model": "core.presentationfield", 
      "fields": {
         "lang": 1, 
         "presentation": 3, 
         "value": "Safe software development as a result of the long way and many bumps filled.", 
         "property_name": 1
      }
   }, 
   {
      "pk": 10, 
      "model": "core.presentationfield", 
      "fields": {
         "lang": 2, 
         "presentation": 4, 
         "value": "\u0418\u0441\u043f\u043e\u043b\u044c\u0437\u043e\u0432\u0430\u043d\u0438\u0435 Python \u0432 \u0413\u0418\u0421", 
         "property_name": 1
      }
   }, 
   {
      "pk": 11, 
      "model": "core.presentationfield", 
      "fields": {
         "lang": 3, 
         "presentation": 4, 
         "value": "\u0412\u0438\u043a\u043e\u0440\u0438\u0441\u0442\u0430\u043d\u043d\u044f Python \u0432 \u0413\u0406\u0421", 
         "property_name": 1
      }
   }, 
   {
      "pk": 12, 
      "model": "core.presentationfield", 
      "fields": {
         "lang": 1, 
         "presentation": 4, 
         "value": "Using Python in GIS", 
         "property_name": 1
      }
   }, 
   {
      "pk": 13, 
      "model": "core.presentationfield", 
      "fields": {
         "lang": 1, 
         "presentation": 5, 
         "value": "Working with the payment systems in Django (paypal).", 
         "property_name": 1
      }
   }, 
   {
      "pk": 14, 
      "model": "core.presentationfield", 
      "fields": {
         "lang": 2, 
         "presentation": 5, 
         "value": "\u0420\u0430\u0431\u043e\u0442\u0430 \u0441 \u043f\u043b\u0430\u0442\u0435\u0436\u043d\u044b\u043c\u0438 \u0441\u0438\u0441\u0442\u0435\u043c\u0430\u043c\u0438 \u0432 Django (paypal).", 
         "property_name": 1
      }
   }, 
   {
      "pk": 15, 
      "model": "core.presentationfield", 
      "fields": {
         "lang": 3, 
         "presentation": 5, 
         "value": "\u0420\u043e\u0431\u043e\u0442\u0430 \u0437 \u043f\u043b\u0430\u0442\u0456\u0436\u043d\u0438\u043c\u0438 \u0441\u0438\u0441\u0442\u0435\u043c\u0430\u043c\u0438 \u0432 Django (paypal).", 
         "property_name": 1
      }
   }, 
   {
      "pk": 18, 
      "model": "core.presentationfield", 
      "fields": {
         "lang": 1, 
         "presentation": 6, 
         "value": "Why Python is the brake and how to make it little more faster.", 
         "property_name": 1
      }
   }, 
   {
      "pk": 16, 
      "model": "core.presentationfield", 
      "fields": {
         "lang": 2, 
         "presentation": 6, 
         "value": "\u041f\u043e\u0447\u0435\u043c\u0443 Python - \u0442\u043e\u0440\u043c\u043e\u0437 \u0438 \u043a\u0430\u043a \u0437\u0430\u0441\u0442\u0430\u0432\u0438\u0442\u044c \u0435\u0433\u043e \u043c\u0435\u043d\u044c\u0448\u0435 \u0442\u043e\u0440\u043c\u043e\u0437\u0438\u0442\u044c.", 
         "property_name": 1
      }
   }, 
   {
      "pk": 17, 
      "model": "core.presentationfield", 
      "fields": {
         "lang": 3, 
         "presentation": 6, 
         "value": "\u0427\u043e\u043c\u0443 Python - \u0433\u0430\u043b\u044c\u043c\u043e \u0456 \u044f\u043a \u0437\u043c\u0443\u0441\u0438\u0442\u0438 \u0439\u043e\u0433\u043e \u0433\u0430\u043b\u044c\u043c\u0443\u0432\u0430\u0442\u0438 \u043c\u0435\u043d\u0448\u0435.", 
         "property_name": 1
      }
   }, 
   {
      "pk": 3, 
      "model": "core.headerblock", 
      "fields": {
         "lang": 1, 
         "text": "<div class=\"header_block\">\r\n<h1>PyCamp Kyiv</h1>\r\n<p>30.01.2010</p><p>&nbsp;</p>\r\n<p>Follow us on Twitter at <a href=\"http://twitter.com/ua_python\">@ua_python</a>\r\nand by hash tag <a href=\"http://twitter.com/#search?q=%23pykyiv\">#pykyiv</a></p>\r\n<p>E-mail: <a href=\"mailto:gotsyk+pykyiv@gmail.com\">gotsyk@gmail.com</a></p><p>&nbsp;</p>\r\n<p><h1><a href=\"http://spreadsheets.google.com/viewform?hl=en&formkey=dDJjVEpST3hUdlhqLUlNaVl0YkJVemc6MA\">Registration&nbsp;&rarr;</a></h1></p>\r\n</div>\r\n<p>supported by <br /><br /><a href=\"http://developers.org.ua\"><img src=\"media/developers.png\" /></a>\r\n<br /><br />\r\n<a href=\"http://42coffeecups.com\"><img src=\"media/42-logo.png\" /></a>\r\n<br /><br />\r\n<a href=\"http://hyperhost.com.ua\"><img src=\"media/hyperhost.png\" /></a>\r\n\r\n</p>"
      }
   }, 
   {
      "pk": 2, 
      "model": "core.headerblock", 
      "fields": {
         "lang": 2, 
         "text": "<div class=\"header_block\">\r\n<h1>PyCamp \u041a\u0438\u0435\u0432</h1>\r\n<p>30 \u044f\u043d\u0432\u0430\u0440\u044f 2010</p><p>&nbsp;</p>\r\n<p>\u0421\u043b\u0435\u0434\u0438\u0442\u0435 \u0437\u0430 \u043d\u0430\u0448\u0438\u043c\u0438 \u0430\u043d\u043e\u043d\u0441\u0430\u043c\u0438 \u0438 \u0437\u0430 <a href=\"http://twitter.com/ua_python\">@ua_python</a></p>\r\n<p>\u041d\u0430\u0448 \u0445\u0435\u0448-\u0442\u0435\u0433 \u0432 \u0442\u0432\u0438\u0442\u0435\u0440\u0435 <a href=\"http://twitter.com/#search?q=%23pykyiv\">#pykyiv</a></p>\r\n<p>E-mail: <a href=\"mailto:gotsyk+pykyiv@gmail.com\">gotsyk@gmail.com</a></p><p>&nbsp;</p>\r\n<p><h1><a href=\"http://spreadsheets.google.com/viewform?hl=en&formkey=dDJjVEpST3hUdlhqLUlNaVl0YkJVemc6MA\">\u0420\u0435\u0433\u0438\u0441\u0442\u0440\u0430\u0446\u0438\u044f&nbsp;&rarr;</a></h1></p>\r\n</div>\r\n<p>\u043f\u0440\u0438 \u043f\u043e\u0434\u0434\u0435\u0440\u0436\u043a\u0435 <br /><br /><a href=\"http://developers.org.ua\"><img src=\"media/developers.png\" /></a>\r\n<br /><br />\r\n<a href=\"http://42coffeecups.com\"><img src=\"media/42-logo.png\" /></a>\r\n<br /><br />\r\n<a href=\"http://hyperhost.com.ua\"><img src=\"media/hyperhost.png\" /></a>\r\n\r\n</p>"
      }
   }, 
   {
      "pk": 1, 
      "model": "core.headerblock", 
      "fields": {
         "lang": 3, 
         "text": "<div class=\"header_block\">\r\n<h1>PyCamp \u041a\u0438\u0457\u0432</h1>\r\n<p>30 \u0441\u0456\u0447\u043d\u044f 2010</p><p>&nbsp;</p>\r\n<p>\u0421\u043b\u0456\u0434\u043a\u0443\u0439\u0442\u0435 \u0437\u0430 \u043d\u0430\u0448\u0438\u043c\u0438 \u0430\u043d\u043e\u043d\u0441\u0430\u043c\u0438 \u0442\u0430 \u0437\u0430 <a href=\"http://twitter.com/ua_python\">@ua_python</a></p>\r\n<p>\u041d\u0430\u0448 \u0445\u0435\u0448-\u0442\u0435\u0433 \u0432 \u0442\u0432\u0456\u0442\u0435\u0440\u0456 <a href=\"http://twitter.com/#search?q=%23pykyiv\">#pykyiv</a></p>\r\n<p>E-mail: <a href=\"mailto:gotsyk+pykyiv@gmail.com\">gotsyk@gmail.com</a></p><p>&nbsp;</p>\r\n<p><h1><a href=\"http://spreadsheets.google.com/viewform?hl=en&formkey=dDJjVEpST3hUdlhqLUlNaVl0YkJVemc6MA\">\u0420\u0435\u0454\u0441\u0442\u0440\u0430\u0446\u0456\u044f&nbsp;&rarr;</a></h1></p>\r\n</div>\r\n <p>\u0437\u0430 \u043f\u0456\u0434\u0442\u0440\u0438\u043c\u043a\u0438 <br /><br /><a href=\"http://developers.org.ua\"><img src=\"media/developers.png\" /></a>\r\n    <br /><br />\r\n    <a href=\"http://42coffeecups.com\"><img src=\"media/42-logo.png\" /></a>\r\n<br /><br />\r\n<a href=\"http://hyperhost.com.ua\"><img src=\"media/hyperhost.png\" /></a>\r\n\r\n    </p>"
      }
   }
]
