[
   {
      "pk": 1, 
      "model": "core.speaker", 
      "fields": {
         "related_speaker": null, 
         "photo": "./farcaller_darkproger.jpg", 
         "site": "http://hackndev.org/", 
         "blog": "http://byteflow.hackndev.org/blog/", 
         "twitter_name": "", 
         "email": "farcaller@gmail.com", 
         "user": 1
      }
   }, 
   {
      "pk": 2, 
      "model": "core.speaker", 
      "fields": {
         "related_speaker": null, 
         "photo": "./Sergey-Kirillov.jpg", 
         "site": "http://rainboo.com/", 
         "blog": "", 
         "twitter_name": "rushman", 
         "email": "serg@rainboo.com", 
         "user": 1
      }
   }, 
   {
      "pk": 3, 
      "model": "core.speaker", 
      "fields": {
         "related_speaker": null, 
         "photo": "./svetlov.jpg", 
         "site": "http://rainboo.com/", 
         "blog": "", 
         "twitter_name": "", 
         "email": "andrew.svetlov@gmail.com", 
         "user": 1
      }
   }, 
   {
      "pk": 1, 
      "model": "core.speakerfield", 
      "fields": {
         "lang": 2, 
         "speaker": 1, 
         "value": "\u041c\u044b \u043f\u0440\u0435\u0434\u0441\u0442\u0430\u0432\u043b\u044f\u0435\u043c \u0441\u043e\u043e\u0431\u0449\u0435\u0441\u0442\u0432\u043e \u043f\u0440\u043e\u0433\u0440\u0430\u043c\u043c\u0438\u0441\u0442\u043e\u0432 Hack&Dev Team. \u0412 \u0440\u0430\u0431\u043e\u0442\u0435 \u0438\r\n\u043f\u043e\u0432\u0441\u0435\u0434\u043d\u0435\u0432\u043d\u043e\u0439 \u0436\u0438\u0437\u043d\u0438 \u043c\u044b \u0438\u0441\u043f\u043e\u043b\u044c\u0437\u0443\u0435\u043c Python \u043f\u043e\u0441\u0442\u043e\u044f\u043d\u043d\u043e, \u0434\u043b\u044f \u0437\u0430\u0434\u0430\u0447 \u043e\u0447\u0435\u043d\u044c\r\n\u0440\u0430\u0437\u043d\u044b\u0445 \u043c\u0430\u0441\u0448\u0442\u0430\u0431\u043e\u0432: \u043f\u043e\u0431\u0438\u0442\u043e\u0432\u044b\u0435 \u043b\u0438\u043d\u0435\u0439\u043a\u0438, \u043e\u0431\u0440\u0430\u0431\u043e\u0442\u043a\u0430 \u0440\u0430\u0437\u043b\u0438\u0447\u043d\u044b\u0445 \u043c\u0430\u0441\u0441\u0438\u0432\u043e\u0432\r\n\u0434\u0430\u043d\u043d\u044b\u0445, desktop-\u043f\u0440\u0438\u043b\u043e\u0436\u0435\u043d\u0438\u044f \u0438 \u043f\u0440\u043e\u0442\u043e\u0442\u0438\u043f\u0438\u0440\u043e\u0432\u0430\u043d\u0438\u0435 UI (IPython, PyQt4,\r\nPyObjC, PyGTK+), \u0443\u0442\u0438\u043b\u0438\u0442\u044b \u0441\u0438\u0441\u0442\u0435\u043c\u043d\u043e\u0433\u043e \u0430\u0434\u043c\u0438\u043d\u0438\u0441\u0442\u0440\u0438\u0440\u043e\u0432\u0430\u043d\u0438\u044f, \u0432\u0435\u0431-\u043f\u0440\u0438\u043b\u043e\u0436\u0435\u043d\u0438\u044f\r\n(Django, Pyjamas).", 
         "property_name": 5
      }
   }, 
   {
      "pk": 2, 
      "model": "core.speakerfield", 
      "fields": {
         "lang": 2, 
         "speaker": 1, 
         "value": "\u0412\u043b\u0430\u0434\u0438\u043c\u0438\u0440 \u041f\u0443\u0437\u0430\u043d\u043e\u0432, \u0412\u043b\u0430\u0434\u0438\u043c\u0438\u0440 \u041a\u0438\u0440\u0438\u043b\u043b\u043e\u0432", 
         "property_name": 1
      }
   }, 
   {
      "pk": 3, 
      "model": "core.speakerfield", 
      "fields": {
         "lang": 2, 
         "speaker": 1, 
         "value": "\u041a\u0438\u0435\u0432", 
         "property_name": 2
      }
   }, 
   {
      "pk": 4, 
      "model": "core.speakerfield", 
      "fields": {
         "lang": 2, 
         "speaker": 1, 
         "value": "Hack&Dev Team", 
         "property_name": 3
      }
   }, 
   {
      "pk": 5, 
      "model": "core.speakerfield", 
      "fields": {
         "lang": 2, 
         "speaker": 2, 
         "value": "\u0421\u0435\u0440\u0433\u0435\u0439 \u041a\u0438\u0440\u0438\u043b\u043b\u043e\u0432", 
         "property_name": 1
      }
   }, 
   {
      "pk": 6, 
      "model": "core.speakerfield", 
      "fields": {
         "lang": 2, 
         "speaker": 2, 
         "value": "\u041a\u0438\u0435\u0432", 
         "property_name": 2
      }
   }, 
   {
      "pk": 7, 
      "model": "core.speakerfield", 
      "fields": {
         "lang": 2, 
         "speaker": 2, 
         "value": "Rainboo", 
         "property_name": 3
      }
   }, 
   {
      "pk": 8, 
      "model": "core.speakerfield", 
      "fields": {
         "lang": 2, 
         "speaker": 2, 
         "value": "\u041f\u0438\u0442\u043e\u043d\u0438\u0440\u0443\u044e \u0441 2002 \u0433\u043e\u0434\u0430, \u0432 \u043e\u0441\u043d\u043e\u0432\u043d\u043e\u043c \u0443\u0441\u043f\u0435\u0448\u043d\u043e", 
         "property_name": 5
      }
   }, 
   {
      "pk": 9, 
      "model": "core.speakerfield", 
      "fields": {
         "lang": 2, 
         "speaker": 3, 
         "value": "\u0410\u043d\u0434\u0440\u0435\u0439 \u0421\u0432\u0435\u0442\u043b\u043e\u0432", 
         "property_name": 1
      }
   }, 
   {
      "pk": 10, 
      "model": "core.speakerfield", 
      "fields": {
         "lang": 2, 
         "speaker": 3, 
         "value": "\u041a\u0438\u0435\u0432", 
         "property_name": 2
      }
   }, 
   {
      "pk": 11, 
      "model": "core.speakerfield", 
      "fields": {
         "lang": 2, 
         "speaker": 3, 
         "value": "Rainboo", 
         "property_name": 3
      }
   }, 
   {
      "pk": 12, 
      "model": "core.speakerfield", 
      "fields": {
         "lang": 2, 
         "speaker": 3, 
         "value": "\u041d\u0430\u0447\u0430\u043b \u0438\u0437\u0443\u0447\u0430\u0442\u044c \u044f\u0437\u044b\u043a \u0432 1999. \u0412 2003 - \u043f\u0435\u0440\u0432\u044b\u0439 full-time \u043f\u0440\u043e\u0435\u043a\u0442 \u043d\u0430 \u043d\u0435\u043c.\r\n\u041f\u0440\u0438\u043c\u0435\u043d\u0438\u0442\u0435\u043b\u044c\u043d\u043e \u043a \u041f\u0438\u0442\u043e\u043d\u0443:\r\n\u0414\u0435\u043b\u0430\u043b \u0440\u0430\u0437\u043d\u043e\u0435 - \u0433\u0435\u0439\u043c\u0434\u0435\u0432, \u0441\u0435\u0442\u0435\u0432\u044b\u0435 \u043a\u043e\u043c\u043c\u0443\u043d\u0438\u043a\u0430\u0446\u0438\u0438, \u0444\u0438\u043d\u0430\u043d\u0441\u043e\u0432\u044b\u0439 \u0441\u043e\u0444\u0442, \u0441\u0430\u0439\u0442\u044b.\r\n\u041f\u0438\u0442\u043e\u043d \u043a\u0430\u043a \u043e\u0441\u043d\u043e\u0432\u043d\u043e\u0439 \u044f\u0437\u044b\u043a \u0440\u0430\u0437\u0440\u0430\u0431\u043e\u0442\u043a\u0438 \u0441\u043e \u0432\u0441\u0442\u0430\u0432\u043a\u0430\u043c\u0438 C/C++ \u043f\u043e \u043c\u0435\u0440\u0435 \u043d\u0435\u043e\u0431\u0445\u043e\u0434\u0438\u043c\u043e\u0441\u0442\u0438.\r\n", 
         "property_name": 5
      }
   }, 
   {
      "pk": 13, 
      "model": "core.speakerfield", 
      "fields": {
         "lang": 1, 
         "speaker": 3, 
         "value": "Andrew Svetlov", 
         "property_name": 1
      }
   }, 
   {
      "pk": 14, 
      "model": "core.speakerfield", 
      "fields": {
         "lang": 1, 
         "speaker": 3, 
         "value": "Kyiv", 
         "property_name": 2
      }
   }, 
   {
      "pk": 15, 
      "model": "core.speakerfield", 
      "fields": {
         "lang": 1, 
         "speaker": 3, 
         "value": "Rainboo", 
         "property_name": 3
      }
   }, 
   {
      "pk": 16, 
      "model": "core.speakerfield", 
      "fields": {
         "lang": 1, 
         "speaker": 3, 
         "value": "Have started learn the language at the 1999.\r\nFirst full-time project was in the 2003\r\nHave worked in very different areas - game development, network communication, financials, sites.\r\nPython is the main development language with embedding of the C/C++ if needed.\r\n", 
         "property_name": 5
      }
   }, 
   {
      "pk": 17, 
      "model": "core.speakerfield", 
      "fields": {
         "lang": 3, 
         "speaker": 3, 
         "value": "\u0410\u043d\u0434\u0440\u0456\u0439 \u0421\u0432\u0435\u0442\u043b\u043e\u0432", 
         "property_name": 1
      }
   }, 
   {
      "pk": 18, 
      "model": "core.speakerfield", 
      "fields": {
         "lang": 3, 
         "speaker": 3, 
         "value": "\u041a\u0438\u0457\u0432", 
         "property_name": 2
      }
   }, 
   {
      "pk": 19, 
      "model": "core.speakerfield", 
      "fields": {
         "lang": 3, 
         "speaker": 3, 
         "value": "Rainboo", 
         "property_name": 3
      }
   }, 
   {
      "pk": 20, 
      "model": "core.speakerfield", 
      "fields": {
         "lang": 3, 
         "speaker": 3, 
         "value": "\u041c\u043e\u0432\u0443 \u043f\u043e\u0432\u0447\u0430\u0432 \u0432\u0438\u0432\u0447\u0430\u0442\u0438 \u0432 1999. \u0412 2003 - \u043f\u0435\u0440\u0448\u0438\u0439 full-time \u043f\u0440\u043e\u0435\u043a\u0442 \u043d\u0430 \u043d\u0456\u0439.\r\n\u0421\u0442\u043e\u0441\u043e\u0432\u043d\u043e \u041f\u0456\u0442\u043e\u043d\u0430:\r\n\u0420\u043e\u0431\u0438\u0432 \u043d\u0430\u0439\u0440\u0456\u0437\u043d\u043e\u043c\u0430\u043d\u0456\u0442\u043d\u0456\u0448\u0435 - \u0433\u0435\u0439\u043c\u0434\u0435\u0432, \u043c\u0435\u0440\u0435\u0436\u0435\u0432\u0456 \u043a\u043e\u043c\u0443\u043d\u0456\u043a\u0430\u0446\u0456\u0457, \u0444\u0456\u043d\u0430\u043d\u0441\u043e\u0432\u0438\u0439 \u0441\u043e\u0444\u0442, \u0441\u0430\u0439\u0442\u0438.\r\n\u041f\u0456\u0442\u043e\u043d - \u043e\u0441\u043d\u043e\u0432\u043d\u0430 \u043c\u043e\u0432\u0430 \u0440\u043e\u0437\u0440\u043e\u0431\u043a\u0438 \u0437\u0456 \u0432\u0441\u0442\u0430\u0432\u043a\u0430\u043c\u0438 C/C++ \u043f\u0440\u0438 \u043d\u0435\u043e\u0431\u0445\u0456\u0434\u043d\u043e\u0441\u0442\u0456.\r\n", 
         "property_name": 5
      }
   }, 
   {
      "pk": 21, 
      "model": "core.speakerfield", 
      "fields": {
         "lang": 1, 
         "speaker": 2, 
         "value": "Sergey Kirillov", 
         "property_name": 1
      }
   }, 
   {
      "pk": 22, 
      "model": "core.speakerfield", 
      "fields": {
         "lang": 1, 
         "speaker": 2, 
         "value": "Kyiv", 
         "property_name": 2
      }
   }, 
   {
      "pk": 23, 
      "model": "core.speakerfield", 
      "fields": {
         "lang": 1, 
         "speaker": 2, 
         "value": "Rainboo", 
         "property_name": 3
      }
   }, 
   {
      "pk": 24, 
      "model": "core.speakerfield", 
      "fields": {
         "lang": 1, 
         "speaker": 2, 
         "value": "Developing with Python since 2002.", 
         "property_name": 5
      }
   }, 
   {
      "pk": 25, 
      "model": "core.speakerfield", 
      "fields": {
         "lang": 3, 
         "speaker": 2, 
         "value": "\u0421\u0435\u0440\u0433\u0456\u0439 \u041a\u0456\u0440\u0456\u043b\u043b\u043e\u0432", 
         "property_name": 1
      }
   }, 
   {
      "pk": 26, 
      "model": "core.speakerfield", 
      "fields": {
         "lang": 3, 
         "speaker": 2, 
         "value": "\u041a\u0438\u0457\u0432", 
         "property_name": 2
      }
   }, 
   {
      "pk": 27, 
      "model": "core.speakerfield", 
      "fields": {
         "lang": 3, 
         "speaker": 2, 
         "value": "Rainboo", 
         "property_name": 3
      }
   }, 
   {
      "pk": 28, 
      "model": "core.speakerfield", 
      "fields": {
         "lang": 3, 
         "speaker": 2, 
         "value": "\u041f\u0456\u0442\u043e\u043d\u044e \u0437 2002, \u0432 \u043e\u0441\u043d\u043e\u0432\u043d\u043e\u043c\u0443 \u0443\u0441\u043f\u0456\u0448\u043d\u043e", 
         "property_name": 5
      }
   }, 
   {
      "pk": 29, 
      "model": "core.speakerfield", 
      "fields": {
         "lang": 1, 
         "speaker": 1, 
         "value": "Vladimir Pouzanov, Vladimir Kirillov", 
         "property_name": 1
      }
   }, 
   {
      "pk": 30, 
      "model": "core.speakerfield", 
      "fields": {
         "lang": 1, 
         "speaker": 1, 
         "value": "Kyiv", 
         "property_name": 2
      }
   }, 
   {
      "pk": 31, 
      "model": "core.speakerfield", 
      "fields": {
         "lang": 1, 
         "speaker": 1, 
         "value": "Hack&Dev Team", 
         "property_name": 3
      }
   }, 
   {
      "pk": 32, 
      "model": "core.speakerfield", 
      "fields": {
         "lang": 1, 
         "speaker": 1, 
         "value": "We are representing developers community Hack&Dev Team. In our work and life we often use Python for different tasks: bitwise line, data arrays, desktop-applications and UI prototypes (IPython, PyQt4,\r\nPyObjC, PyGTK+), system administration tools, web-applications\r\n(Django, Pyjamas).", 
         "property_name": 5
      }
   }, 
   {
      "pk": 33, 
      "model": "core.speakerfield", 
      "fields": {
         "lang": 3, 
         "speaker": 1, 
         "value": "\u0412\u043e\u043b\u043e\u0434\u0438\u043c\u0438\u0440 \u041f\u0443\u0437\u0430\u043d\u043e\u0432, \u0412\u043e\u043b\u043e\u0434\u0438\u043c\u0438\u0440 \u041a\u0456\u0440\u0456\u043b\u043b\u043e\u0432", 
         "property_name": 1
      }
   }, 
   {
      "pk": 34, 
      "model": "core.speakerfield", 
      "fields": {
         "lang": 3, 
         "speaker": 1, 
         "value": "\u041a\u0438\u0457\u0432", 
         "property_name": 2
      }
   }, 
   {
      "pk": 35, 
      "model": "core.speakerfield", 
      "fields": {
         "lang": 3, 
         "speaker": 1, 
         "value": "Hack&Dev Team", 
         "property_name": 3
      }
   }, 
   {
      "pk": 36, 
      "model": "core.speakerfield", 
      "fields": {
         "lang": 3, 
         "speaker": 1, 
         "value": "\u041c\u0438 \u043f\u0440\u0435\u0434\u0441\u0442\u0430\u0432\u043b\u044f\u0454\u043c\u043e \u0441\u043f\u0456\u043b\u044c\u043d\u043e\u0442\u0443 \u043f\u0440\u043e\u0433\u0440\u0430\u043c\u0456\u0441\u0442\u0456\u0432 Hack&Dev Team. \u0412 \u0440\u043e\u0431\u043e\u0442\u0456 \u0442\u0430\r\n\u043f\u043e\u0432\u0441\u044f\u043a\u0434\u0435\u043d\u043d\u043e\u043c\u0443 \u0436\u0438\u0442\u0456 \u043c\u0438 \u0432\u0438\u043a\u043e\u0440\u0438\u0441\u0442\u043e\u0432\u0443\u0454\u043c\u043e Python \u043f\u043e\u0441\u0442\u0456\u0439\u043d\u043e, \u0434\u043b\u044f \u0437\u0430\u0434\u0430\u0447 \u043d\u0430\u0439\u0440\u0456\u0437\u043d\u043e\u043c\u0430\u043d\u0456\u0442\u043d\u0456\u0448\u0438\u0445\r\n\u043c\u0430\u0441\u0448\u0442\u0430\u0431\u0456\u0432: \u043f\u043e\u0431\u0456\u0442\u043e\u0432\u0456 \u043b\u0456\u043d\u0456\u0439\u043a\u0438, \u043e\u0431\u0440\u043e\u0431\u043a\u0430 \u0440\u0456\u0437\u043d\u0438\u0445 \u043c\u0430\u0441\u0438\u0432\u0456\u0432\r\n\u0434\u0430\u043d\u0438\u0445, desktop-\u0437\u0430\u0441\u0442\u043e\u0441\u0443\u0432\u0430\u043d\u043d\u044f \u0442\u0430 \u043f\u0440\u043e\u0442\u043e\u0442\u0438\u043f\u0443\u0432\u0430\u043d\u043d\u044f UI (IPython, PyQt4,\r\nPyObjC, PyGTK+), \u0443\u0442\u0438\u043b\u0456\u0442\u0438 \u0441\u0438\u0441\u0442\u0435\u043c\u043d\u043e\u0433\u043e \u0430\u0434\u043c\u0456\u043d\u0456\u0441\u0442\u0440\u0443\u0432\u0430\u043d\u043d\u044f, \u0432\u0435\u0431-\u0430\u043f\u043b\u0456\u043a\u0430\u0446\u0456\u0457\r\n(Django, Pyjamas).", 
         "property_name": 5
      }
   }, 
   {
      "pk": 1, 
      "model": "core.presentation", 
      "fields": {
         "speakers": 1, 
         "time_start": null, 
         "time_end": null, 
         "file": ""
      }
   }, 
   {
      "pk": 2, 
      "model": "core.presentation", 
      "fields": {
         "speakers": 2, 
         "time_start": null, 
         "time_end": null, 
         "file": ""
      }
   }, 
   {
      "pk": 1, 
      "model": "core.presentationfield", 
      "fields": {
         "lang": 2, 
         "presentation": 1, 
         "value": "\u0420\u0430\u0441\u0448\u0438\u0440\u0435\u043d\u0438\u0435 \u0438 \u0432\u0441\u0442\u0440\u0430\u0438\u0432\u0430\u043d\u0438\u0435 Python", 
         "property_name": 1
      }
   }, 
   {
      "pk": 2, 
      "model": "core.presentationfield", 
      "fields": {
         "lang": 2, 
         "presentation": 2, 
         "value": "WebSockets \u0432 Twisted", 
         "property_name": 1
      }
   }, 
   {
      "pk": 3, 
      "model": "core.presentationfield", 
      "fields": {
         "lang": 1, 
         "presentation": 1, 
         "value": "Extending and embedding Python", 
         "property_name": 1
      }
   }, 
   {
      "pk": 4, 
      "model": "core.presentationfield", 
      "fields": {
         "lang": 3, 
         "presentation": 1, 
         "value": "\u0420\u043e\u0437\u0448\u0438\u0440\u0435\u043d\u043d\u044f \u0442\u0430 \u0432\u0431\u0443\u0434\u043e\u0432\u0443\u0432\u0430\u043d\u043d\u044f Python", 
         "property_name": 1
      }
   }, 
   {
      "pk": 5, 
      "model": "core.presentationfield", 
      "fields": {
         "lang": 1, 
         "presentation": 2, 
         "value": "WebSockets in Twisted", 
         "property_name": 1
      }
   }, 
   {
      "pk": 6, 
      "model": "core.presentationfield", 
      "fields": {
         "lang": 3, 
         "presentation": 2, 
         "value": "WebSockets \u0432 Twisted", 
         "property_name": 1
      }
   }, 
   {
      "pk": 1, 
      "model": "core.headerblock", 
      "fields": {
         "lang": 3, 
         "text": "<div class=\"header_block\">\r\n<h1>PyCamp \u041a\u0438\u0457\u0432</h1>\r\n<p>30 \u0441\u0456\u0447\u043d\u044f 2010</p><p>&nbsp;</p>\r\n<p>\u0421\u043b\u0456\u0434\u043a\u0443\u0439\u0442\u0435 \u0437\u0430 \u043d\u0430\u0448\u0438\u043c\u0438 \u0430\u043d\u043e\u043d\u0441\u0430\u043c\u0438 \u0442\u0430 \u0437\u0430 <a href=\"http://twitter.com/ua_python\">@ua_python</a></p>\r\n<p>\u041d\u0430\u0448 \u0445\u0435\u0448-\u0442\u0435\u0433 \u0432 \u0442\u0432\u0456\u0442\u0435\u0440\u0456 <a href=\"http://twitter.com/#search?q=%23pykyiv\">#pykyiv</a></p>\r\n<p>E-mail: <a href=\"mailto:gotsyk+pykyiv@gmail.com\">gotsyk@gmail.com</a></p><p>&nbsp;</p>\r\n<p><h1><a href=\"http://spreadsheets.google.com/viewform?hl=en&formkey=dDJjVEpST3hUdlhqLUlNaVl0YkJVemc6MA\">\u0420\u0435\u0454\u0441\u0442\u0440\u0430\u0446\u0456\u044f&nbsp;&rarr;</a></h1></p>\r\n</div>\r\n <p>\u0437\u0430 \u043f\u0456\u0434\u0442\u0440\u0438\u043c\u043a\u0438 <br /><br /><a href=\"http://developers.org.ua\"><img src=\"media/developers.png\" /></a>\r\n    <br /><br />\r\n    <a href=\"http://42coffeecups.com\"><img src=\"media/42-logo.png\" /></a>\r\n    </p>"
      }
   }, 
   {
      "pk": 2, 
      "model": "core.headerblock", 
      "fields": {
         "lang": 2, 
         "text": "<div class=\"header_block\">\r\n<h1>PyCamp \u041a\u0438\u0435\u0432</h1>\r\n<p>30 \u044f\u043d\u0432\u0430\u0440\u044f 2010</p><p>&nbsp;</p>\r\n<p>\u0421\u043b\u0435\u0434\u0438\u0442\u0435 \u0437\u0430 \u043d\u0430\u0448\u0438\u043c\u0438 \u0430\u043d\u043e\u043d\u0441\u0430\u043c\u0438 \u0438 \u0437\u0430 <a href=\"http://twitter.com/ua_python\">@ua_python</a></p>\r\n<p>\u041d\u0430\u0448 \u0445\u0435\u0448-\u0442\u0435\u0433 \u0432 \u0442\u0432\u0438\u0442\u0435\u0440\u0435 <a href=\"http://twitter.com/#search?q=%23pykyiv\">#pykyiv</a></p>\r\n<p>E-mail: <a href=\"mailto:gotsyk+pykyiv@gmail.com\">gotsyk@gmail.com</a></p><p>&nbsp;</p>\r\n<p><h1><a href=\"http://spreadsheets.google.com/viewform?hl=en&formkey=dDJjVEpST3hUdlhqLUlNaVl0YkJVemc6MA\">\u0420\u0435\u0433\u0438\u0441\u0442\u0440\u0430\u0446\u0438\u044f&nbsp;&rarr;</a></h1></p>\r\n</div>\r\n<p>\u043f\u0440\u0438 \u043f\u043e\u0434\u0434\u0435\u0440\u0436\u043a\u0435 <br /><br /><a href=\"http://developers.org.ua\"><img src=\"media/developers.png\" /></a>\r\n<br /><br />\r\n<a href=\"http://42coffeecups.com\"><img src=\"media/42-logo.png\" /></a>\r\n</p>"
      }
   }, 
   {
      "pk": 3, 
      "model": "core.headerblock", 
      "fields": {
         "lang": 1, 
         "text": "<div class=\"header_block\">\r\n<h1>PyCamp Kyiv</h1>\r\n<p>30.01.2010</p><p>&nbsp;</p>\r\n<p>Follow us on Twitter at <a href=\"http://twitter.com/ua_python\">@ua_python</a>\r\nand by hash tag <a href=\"http://twitter.com/#search?q=%23pykyiv\">#pykyiv</a></p>\r\n<p>E-mail: <a href=\"mailto:gotsyk+pykyiv@gmail.com\">gotsyk@gmail.com</a></p><p>&nbsp;</p>\r\n<p><h1><a href=\"http://spreadsheets.google.com/viewform?hl=en&formkey=dDJjVEpST3hUdlhqLUlNaVl0YkJVemc6MA\">Registration&nbsp;&rarr;</a></h1></p>\r\n</div>\r\n<p>supported by <br /><br /><a href=\"http://developers.org.ua\"><img src=\"media/developers.png\" /></a>\r\n<br /><br />\r\n<a href=\"http://42coffeecups.com\"><img src=\"media/42-logo.png\" /></a>\r\n</p>"
      }
   }
]
